Size,SelfAdjoint_Time(ms),General_Time(ms)
32,0.10227,0.380233
64,0.540465,2.15511
128,2.80138,15.8062
256,19.2689,154.753
512,150.56,1740.34
1024,1158.57,14287.8
